SubjectID,Response,StimVar,Condition,Onset,RT,Block
1,1,2,incongruent,0,1095,1
1,1,2,incongruent,10,988,1
1,1,1,congruent,20,591,1
1,1,1,congruent,30,499,1
1,1,2,incongruent,40,719,1
1,1,1,congruent,52,544,1
1,1,1,congruent,64,436,1
1,1,2,incongruent,76,470,1
1,1,1,congruent,88,409,1
1,1,2,incongruent,102,563,1
1,1,1,congruent,116,493,1
1,1,1,congruent,130,398,1
1,1,1,congruent,140,466,1
1,1,2,incongruent,150,518,1
1,1,2,incongruent,164,560,1
1,1,2,incongruent,174,533,1
1,1,1,congruent,184,439,1
1,1,1,congruent,196,459,1
1,1,2,incongruent,208,734,1
1,1,2,incongruent,220,479,1
1,1,2,incongruent,232,538,1
1,1,1,congruent,246,540,1
1,1,2,incongruent,260,622,1
1,1,1,congruent,274,488,1
1,1,2,incongruent,0,560,2
1,1,2,incongruent,10,356,2
1,1,1,congruent,20,416,2
1,1,1,congruent,30,363,2
1,1,2,incongruent,42,406,2
1,1,1,congruent,54,537,2
1,1,1,congruent,64,484,2
1,1,2,incongruent,76,479,2
1,1,1,congruent,88,490,2
1,1,2,incongruent,102,420,2
1,1,1,congruent,116,374,2
1,1,1,congruent,130,483,2
1,1,1,congruent,144,521,2
1,1,2,incongruent,154,471,2
1,1,2,incongruent,164,448,2
1,1,2,incongruent,174,380,2
1,0,1,congruent,184,392,2
1,1,1,congruent,196,604,2
1,1,2,incongruent,208,530,2
1,1,2,incongruent,220,466,2
1,1,2,incongruent,232,427,2
1,1,1,congruent,246,1022,2
1,1,2,incongruent,260,455,2
1,1,1,congruent,274,616,2
2,1,1,congruent,0,510,1
2,1,2,incongruent,10,864,1
2,1,1,congruent,20,540,1
2,1,2,incongruent,30,863,1
2,1,2,incongruent,40,746,1
2,1,1,congruent,52,501,1
2,1,1,congruent,64,576,1
2,1,2,incongruent,76,548,1
2,1,2,incongruent,88,735,1
2,1,2,incongruent,102,600,1
2,1,2,incongruent,116,674,1
2,1,1,congruent,126,509,1
2,1,2,incongruent,140,792,1
2,1,1,congruent,150,723,1
2,1,1,congruent,164,468,1
2,1,1,congruent,174,521,1
2,1,2,incongruent,184,684,1
2,1,2,incongruent,196,615,1
2,1,2,incongruent,208,593,1
2,1,1,congruent,222,597,1
2,1,1,congruent,234,638,1
2,1,1,congruent,246,562,1
2,1,1,congruent,260,676,1
2,1,2,incongruent,274,934,1
2,1,1,congruent,0,763,2
2,1,2,incongruent,10,613,2
2,1,1,congruent,20,737,2
2,1,2,incongruent,32,869,2
2,1,2,incongruent,44,647,2
2,1,1,congruent,54,595,2
2,1,1,congruent,64,509,2
2,1,2,incongruent,76,545,2
2,1,2,incongruent,88,433,2
2,1,2,incongruent,102,495,2
2,1,2,incongruent,116,728,2
2,1,1,congruent,130,633,2
2,1,2,incongruent,140,854,2
2,1,1,congruent,154,824,2
2,1,1,congruent,164,643,2
2,1,1,congruent,174,671,2
2,1,2,incongruent,184,826,2
2,1,2,incongruent,196,918,2
2,1,2,incongruent,208,480,2
2,1,1,congruent,220,547,2
2,1,1,congruent,232,622,2
2,1,1,congruent,246,495,2
2,1,1,congruent,260,754,2
2,1,2,incongruent,274,508,2
3,1,2,incongruent,0,889,1
3,1,1,congruent,10,773,1
3,1,2,incongruent,20,897,1
3,1,1,congruent,30,587,1
3,1,2,incongruent,40,711,1
3,1,2,incongruent,52,756,1
3,1,1,congruent,64,581,1
3,1,1,congruent,76,1216,1
3,1,1,congruent,88,587,1
3,1,1,congruent,102,541,1
3,1,1,congruent,116,446,1
3,1,1,congruent,126,490,1
3,1,2,incongruent,136,862,1
3,1,2,incongruent,150,651,1
3,1,2,incongruent,164,690,1
3,1,2,incongruent,174,694,1
3,1,2,incongruent,184,1186,1
3,1,2,incongruent,196,876,1
3,1,1,congruent,208,535,1
3,1,2,incongruent,220,689,1
3,1,2,incongruent,234,828,1
3,1,1,congruent,248,550,1
3,1,1,congruent,260,801,1
3,1,1,congruent,274,450,1
3,1,2,incongruent,0,759,2
3,1,1,congruent,10,507,2
3,1,2,incongruent,20,686,2
3,1,1,congruent,30,578,2
3,1,2,incongruent,40,678,2
3,1,2,incongruent,52,528,2
3,0,1,congruent,64,490,2
3,1,1,congruent,76,622,2
3,1,1,congruent,88,791,2
3,1,1,congruent,102,626,2
3,1,1,congruent,116,716,2
3,1,1,congruent,130,710,2
3,1,2,incongruent,144,640,2
3,1,2,incongruent,154,524,2
3,1,2,incongruent,164,1031,2
3,1,2,incongruent,174,861,2
3,1,2,incongruent,184,1550,2
3,1,2,incongruent,196,465,2
3,1,1,congruent,208,651,2
3,1,2,incongruent,220,559,2
3,1,2,incongruent,232,378,2
3,1,1,congruent,246,699,2
3,1,1,congruent,260,446,2
3,1,1,congruent,274,783,2
4,1,2,incongruent,0,1342,1
4,1,1,congruent,10,1043,1
4,1,2,incongruent,20,1141,1
4,1,1,congruent,30,961,1
4,1,2,incongruent,40,997,1
4,1,1,congruent,52,783,1
4,1,1,congruent,64,787,1
4,1,2,incongruent,76,1046,1
4,1,1,congruent,88,800,1
4,1,1,congruent,102,770,1
4,1,2,incongruent,115,883,1
4,1,1,congruent,130,765,1
4,1,2,incongruent,140,858,1
4,1,2,incongruent,154,851,1
4,1,1,congruent,164,670,1
4,1,2,incongruent,174,770,1
4,1,1,congruent,184,613,1
4,1,1,congruent,196,777,1
4,1,1,congruent,208,620,1
4,1,2,incongruent,222,821,1
4,1,2,incongruent,234,825,1
4,1,2,incongruent,246,730,1
4,1,2,incongruent,260,781,1
4,1,1,congruent,274,726,1
4,1,2,incongruent,0,933,2
4,1,1,congruent,10,721,2
4,1,2,incongruent,20,628,2
4,1,1,congruent,30,783,2
4,1,2,incongruent,42,970,2
4,1,1,congruent,52,797,2
4,1,1,congruent,64,697,2
4,1,2,incongruent,76,772,2
4,1,1,congruent,88,750,2
4,1,1,congruent,102,849,2
4,1,2,incongruent,116,802,2
4,1,1,congruent,126,910,2
4,1,2,incongruent,140,935,2
4,1,2,incongruent,154,970,2
4,1,1,congruent,164,845,2
4,1,2,incongruent,174,752,2
4,1,1,congruent,184,813,2
4,1,1,congruent,196,894,2
4,1,1,congruent,208,587,2
4,1,2,incongruent,220,733,2
4,1,2,incongruent,234,726,2
4,1,2,incongruent,246,632,2
4,1,2,incongruent,260,828,2
4,1,1,congruent,274,614,2
5,1,2,incongruent,0,1019,1
5,1,2,incongruent,10,927,1
5,1,2,incongruent,20,747,1
5,1,1,congruent,32,653,1
5,1,1,congruent,42,744,1
5,1,1,congruent,52,588,1
5,1,1,congruent,64,560,1
5,1,2,incongruent,76,715,1
5,1,2,incongruent,88,670,1
5,1,2,incongruent,102,719,1
5,1,1,congruent,116,674,1
5,1,1,congruent,130,555,1
5,1,2,incongruent,144,693,1
5,1,2,incongruent,154,705,1
5,1,1,congruent,164,612,1
5,1,1,congruent,174,558,1
5,1,1,congruent,184,531,1
5,1,1,congruent,196,446,1
5,1,1,congruent,208,483,1
5,1,2,incongruent,222,644,1
5,1,2,incongruent,234,839,1
5,1,2,incongruent,246,696,1
5,1,1,congruent,260,538,1
5,1,2,incongruent,276,620,1
5,1,2,incongruent,0,649,2
5,1,2,incongruent,10,698,2
5,1,2,incongruent,20,536,2
5,1,1,congruent,30,451,2
5,1,1,congruent,40,409,2
5,1,1,congruent,52,587,2
5,1,1,congruent,64,477,2
5,1,2,incongruent,76,559,2
5,1,2,incongruent,88,563,2
5,1,2,incongruent,102,492,2
5,1,1,congruent,116,583,2
5,1,1,congruent,130,576,2
5,1,2,incongruent,144,539,2
5,1,2,incongruent,154,599,2
5,1,1,congruent,164,610,2
5,1,1,congruent,174,581,2
5,1,1,congruent,184,497,2
5,1,1,congruent,196,596,2
5,1,1,congruent,208,559,2
5,1,2,incongruent,220,577,2
5,1,2,incongruent,234,451,2
5,1,2,incongruent,246,653,2
5,1,1,congruent,260,441,2
5,1,2,incongruent,274,595,2
6,1,1,congruent,0,1210,1
6,1,1,congruent,10,1054,1
6,1,1,congruent,20,1128,1
6,1,2,incongruent,32,1045,1
6,1,2,incongruent,42,945,1
6,1,2,incongruent,52,972,1
6,1,1,congruent,64,895,1
6,1,2,incongruent,76,1001,1
6,1,2,incongruent,88,843,1
6,1,2,incongruent,102,950,1
6,1,1,congruent,116,872,1
6,1,2,incongruent,130,914,1
6,1,1,congruent,140,844,1
6,1,2,incongruent,154,912,1
6,1,1,congruent,164,810,1
6,1,1,congruent,174,703,1
6,1,1,congruent,184,746,1
6,1,2,incongruent,196,901,1
6,1,1,congruent,208,631,1
6,1,2,incongruent,220,890,1
6,1,1,congruent,232,766,1
6,1,2,incongruent,246,895,1
6,1,1,congruent,260,609,1
6,1,2,incongruent,274,748,1
6,1,1,congruent,0,912,2
6,1,1,congruent,10,892,2
6,1,1,congruent,20,743,2
6,1,2,incongruent,30,699,2
6,1,2,incongruent,42,862,2
6,1,2,incongruent,52,890,2
6,1,1,congruent,64,900,2
6,1,2,incongruent,76,744,2
6,1,2,incongruent,88,794,2
6,1,2,incongruent,102,859,2
6,1,1,congruent,116,878,2
6,1,2,incongruent,130,711,2
6,1,1,congruent,140,762,2
6,1,2,incongruent,150,783,2
6,1,1,congruent,164,834,2
6,1,1,congruent,174,884,2
6,1,1,congruent,184,760,2
6,1,2,incongruent,196,707,2
6,1,1,congruent,208,831,2
6,1,2,incongruent,220,882,2
6,1,1,congruent,232,875,2
6,1,2,incongruent,246,973,2
6,1,1,congruent,260,1031,2
6,1,2,incongruent,274,657,2
7,1,2,incongruent,0,584,1
7,1,1,congruent,10,492,1
7,1,1,congruent,20,408,1
7,1,1,congruent,30,347,1
7,1,2,incongruent,42,502,1
7,1,1,congruent,52,385,1
7,0,2,incongruent,64,356,1
7,1,2,incongruent,76,511,1
7,1,2,incongruent,88,579,1
7,1,1,congruent,102,404,1
7,1,1,congruent,116,366,1
7,1,2,incongruent,130,488,1
7,1,2,incongruent,144,488,1
7,1,1,congruent,154,446,1
7,1,2,incongruent,164,498,1
7,1,1,congruent,174,382,1
7,1,2,incongruent,184,585,1
7,1,2,incongruent,196,460,1
7,1,2,incongruent,208,510,1
7,1,1,congruent,222,392,1
7,1,1,congruent,234,404,1
7,1,1,congruent,246,381,1
7,1,1,congruent,260,367,1
7,1,2,incongruent,274,480,1
7,1,2,incongruent,0,545,2
7,1,1,congruent,10,437,2
7,0,1,congruent,20,481,2
7,1,1,congruent,30,397,2
7,1,2,incongruent,42,520,2
7,1,1,congruent,52,539,2
7,1,2,incongruent,64,414,2
7,1,2,incongruent,76,449,2
7,1,2,incongruent,88,372,2
7,1,1,congruent,102,484,2
7,1,1,congruent,116,471,2
7,1,2,incongruent,130,497,2
7,1,2,incongruent,140,565,2
7,1,1,congruent,150,408,2
7,1,2,incongruent,164,386,2
7,1,1,congruent,174,414,2
7,1,2,incongruent,184,497,2
7,1,2,incongruent,196,436,2
7,1,2,incongruent,208,488,2
7,1,1,congruent,220,433,2
7,1,1,congruent,232,524,2
7,1,1,congruent,246,447,2
7,1,1,congruent,260,410,2
7,1,2,incongruent,274,403,2
8,1,2,incongruent,0,1204,1
8,1,2,incongruent,10,808,1
8,1,2,incongruent,20,699,1
8,1,1,congruent,32,567,1
8,1,1,congruent,42,490,1
8,1,2,incongruent,52,837,1
8,1,1,congruent,64,592,1
8,1,1,congruent,76,411,1
8,1,2,incongruent,88,646,1
8,1,1,congruent,102,463,1
8,1,1,congruent,116,425,1
8,1,2,incongruent,130,603,1
8,1,2,incongruent,144,590,1
8,1,1,congruent,154,401,1
8,1,1,congruent,164,397,1
8,1,2,incongruent,174,624,1
8,1,1,congruent,184,493,1
8,1,1,congruent,196,479,1
8,1,1,congruent,208,377,1
8,1,1,congruent,222,468,1
8,0,2,incongruent,236,382,1
8,1,2,incongruent,248,769,1
8,1,2,incongruent,260,699,1
8,1,2,incongruent,274,597,1
8,1,2,incongruent,0,841,2
8,1,2,incongruent,10,558,2
8,1,2,incongruent,20,562,2
8,1,1,congruent,30,685,2
8,1,1,congruent,40,464,2
8,1,2,incongruent,52,659,2
8,1,1,congruent,64,653,2
8,1,1,congruent,76,674,2
8,1,2,incongruent,88,987,2
8,1,1,congruent,102,430,2
8,1,1,congruent,116,399,2
8,1,2,incongruent,130,548,2
8,1,2,incongruent,140,551,2
8,1,1,congruent,150,1225,2
8,1,1,congruent,164,738,2
8,1,2,incongruent,174,621,2
8,0,1,congruent,184,0,2
8,1,1,congruent,196,677,2
8,1,1,congruent,208,542,2
8,1,1,congruent,220,561,2
8,1,2,incongruent,232,1077,2
8,1,2,incongruent,246,519,2
8,1,2,incongruent,260,592,2
8,1,2,incongruent,274,611,2
9,1,1,congruent,0,856,1
9,1,2,incongruent,10,644,1
9,1,1,congruent,20,543,1
9,1,2,incongruent,30,554,1
9,1,2,incongruent,40,599,1
9,1,1,congruent,52,442,1
9,1,1,congruent,64,428,1
9,1,2,incongruent,76,510,1
9,1,1,congruent,88,458,1
9,1,1,congruent,102,435,1
9,1,1,congruent,116,453,1
9,1,2,incongruent,126,561,1
9,1,2,incongruent,140,671,1
9,1,2,incongruent,154,580,1
9,1,2,incongruent,164,513,1
9,1,1,congruent,174,460,1
9,1,2,incongruent,184,616,1
9,1,2,incongruent,196,514,1
9,1,2,incongruent,208,548,1
9,1,1,congruent,222,439,1
9,1,2,incongruent,234,585,1
9,1,1,congruent,248,451,1
9,1,1,congruent,260,480,1
9,1,1,congruent,274,472,1
9,1,1,congruent,0,590,2
9,1,2,incongruent,10,474,2
9,1,1,congruent,20,446,2
9,1,2,incongruent,30,529,2
9,1,2,incongruent,40,485,2
9,1,1,congruent,52,536,2
9,1,1,congruent,64,522,2
9,1,2,incongruent,76,421,2
9,1,1,congruent,88,439,2
9,1,1,congruent,102,451,2
9,1,1,congruent,116,643,2
9,1,2,incongruent,130,534,2
9,1,2,incongruent,144,479,2
9,1,2,incongruent,154,524,2
9,1,2,incongruent,164,510,2
9,1,1,congruent,174,435,2
9,1,2,incongruent,184,583,2
9,1,2,incongruent,196,520,2
9,1,2,incongruent,208,435,2
9,1,1,congruent,220,535,2
9,1,2,incongruent,234,488,2
9,1,1,congruent,246,466,2
9,1,1,congruent,260,701,2
9,1,1,congruent,274,479,2
10,1,2,incongruent,0,630,1
10,1,1,congruent,10,496,1
10,1,1,congruent,20,500,1
10,1,1,congruent,30,529,1
10,1,2,incongruent,42,531,1
10,1,2,incongruent,52,639,1
10,1,2,incongruent,64,577,1
10,1,1,congruent,76,532,1
10,1,2,incongruent,88,631,1
10,1,1,congruent,102,592,1
10,1,1,congruent,116,491,1
10,1,1,congruent,130,436,1
10,1,1,congruent,140,448,1
10,1,2,incongruent,150,588,1
10,1,2,incongruent,164,646,1
10,1,2,incongruent,174,538,1
10,1,2,incongruent,184,893,1
10,1,1,congruent,196,664,1
10,1,1,congruent,208,667,1
10,1,2,incongruent,220,606,1
10,1,2,incongruent,232,553,1
10,1,1,congruent,246,466,1
10,1,1,congruent,260,459,1
10,1,2,incongruent,274,662,1
10,1,2,incongruent,0,672,2
10,1,1,congruent,10,621,2
10,1,1,congruent,20,550,2
10,1,1,congruent,30,532,2
10,1,2,incongruent,42,486,2
10,1,2,incongruent,52,537,2
10,1,2,incongruent,64,540,2
10,1,1,congruent,76,607,2
10,1,2,incongruent,88,602,2
10,1,1,congruent,102,573,2
10,1,1,congruent,116,717,2
10,1,1,congruent,130,607,2
10,1,1,congruent,140,724,2
10,1,2,incongruent,154,581,2
10,1,2,incongruent,164,561,2
10,1,2,incongruent,174,652,2
10,1,2,incongruent,184,624,2
10,1,1,congruent,196,687,2
10,1,1,congruent,208,541,2
10,1,2,incongruent,220,599,2
10,1,2,incongruent,232,715,2
10,1,1,congruent,246,478,2
10,1,1,congruent,260,678,2
10,1,2,incongruent,274,617,2
11,1,2,incongruent,0,671,1
11,1,2,incongruent,10,723,1
11,1,2,incongruent,20,473,1
11,1,1,congruent,32,409,1
11,1,1,congruent,42,373,1
11,1,1,congruent,52,481,1
11,1,1,congruent,64,381,1
11,1,2,incongruent,76,634,1
11,1,2,incongruent,88,481,1
11,1,1,congruent,102,412,1
11,1,1,congruent,116,356,1
11,1,2,incongruent,130,471,1
11,1,1,congruent,144,378,1
11,1,2,incongruent,154,469,1
11,1,1,congruent,164,377,1
11,1,2,incongruent,174,652,1
11,1,2,incongruent,184,472,1
11,1,2,incongruent,196,563,1
11,1,1,congruent,208,423,1
11,1,1,congruent,220,376,1
11,1,1,congruent,232,340,1
11,1,2,incongruent,246,453,1
11,1,1,congruent,260,375,1
11,1,2,incongruent,274,441,1
11,1,2,incongruent,0,382,2
11,1,2,incongruent,10,498,2
11,1,2,incongruent,20,415,2
11,1,1,congruent,30,497,2
11,1,1,congruent,40,381,2
11,1,1,congruent,52,385,2
11,1,1,congruent,64,379,2
11,0,2,incongruent,76,342,2
11,1,2,incongruent,88,351,2
11,1,1,congruent,102,450,2
11,1,1,congruent,116,485,2
11,1,2,incongruent,130,374,2
11,1,1,congruent,144,352,2
11,1,2,incongruent,154,355,2
11,1,1,congruent,164,463,2
11,1,2,incongruent,174,451,2
11,1,2,incongruent,184,406,2
11,1,2,incongruent,196,482,2
11,1,1,congruent,208,363,2
11,1,1,congruent,220,311,2
11,0,1,congruent,234,296,2
11,1,2,incongruent,246,388,2
11,1,1,congruent,260,478,2
11,1,2,incongruent,274,486,2
12,1,2,incongruent,0,884,1
12,1,1,congruent,10,1071,1
12,1,1,congruent,20,955,1
12,1,2,incongruent,30,1255,1
12,1,1,congruent,40,812,1
12,1,2,incongruent,52,822,1
12,1,1,congruent,64,793,1
12,1,2,incongruent,76,850,1
12,1,1,congruent,88,765,1
12,1,1,congruent,102,775,1
12,1,2,incongruent,116,946,1
12,1,2,incongruent,130,891,1
12,1,1,congruent,144,782,1
12,1,1,congruent,154,753,1
12,1,2,incongruent,164,885,1
12,1,2,incongruent,174,809,1
12,1,1,congruent,184,709,1
12,1,2,incongruent,196,806,1
12,1,2,incongruent,208,777,1
12,1,1,congruent,220,733,1
12,1,2,incongruent,232,840,1
12,1,1,congruent,246,713,1
12,1,1,congruent,260,724,1
12,1,2,incongruent,274,829,1
12,1,2,incongruent,0,854,2
12,1,1,congruent,10,584,2
12,1,1,congruent,20,828,2
12,1,2,incongruent,30,743,2
12,1,1,congruent,40,691,2
12,1,2,incongruent,52,829,2
12,1,1,congruent,64,786,2
12,1,2,incongruent,76,635,2
12,1,1,congruent,88,646,2
12,1,1,congruent,102,639,2
12,1,2,incongruent,116,802,2
12,1,2,incongruent,130,756,2
12,1,1,congruent,144,693,2
12,1,1,congruent,154,707,2
12,1,2,incongruent,164,870,2
12,1,2,incongruent,174,905,2
12,1,1,congruent,184,648,2
12,1,2,incongruent,196,775,2
12,1,2,incongruent,208,706,2
12,1,1,congruent,222,684,2
12,1,2,incongruent,234,950,2
12,1,1,congruent,248,608,2
12,1,1,congruent,260,699,2
12,1,2,incongruent,274,653,2
13,1,2,incongruent,0,935,1
13,1,1,congruent,10,836,1
13,1,1,congruent,20,591,1
13,1,2,incongruent,30,873,1
13,1,2,incongruent,40,630,1
13,1,2,incongruent,52,784,1
13,1,1,congruent,64,571,1
13,1,1,congruent,76,639,1
13,1,2,incongruent,88,720,1
13,1,1,congruent,102,499,1
13,1,1,congruent,116,445,1
13,1,1,congruent,130,495,1
13,1,2,incongruent,140,755,1
13,1,1,congruent,154,556,1
13,1,2,incongruent,164,721,1
13,1,2,incongruent,174,699,1
13,1,2,incongruent,184,664,1
13,1,1,congruent,196,539,1
13,1,1,congruent,208,540,1
13,1,2,incongruent,220,672,1
13,1,1,congruent,232,1010,1
13,1,2,incongruent,246,604,1
13,1,2,incongruent,260,654,1
13,1,1,congruent,274,497,1
13,1,2,incongruent,0,554,2
13,1,1,congruent,10,534,2
13,1,1,congruent,20,507,2
13,1,2,incongruent,30,510,2
13,1,2,incongruent,42,585,2
13,1,2,incongruent,52,731,2
13,1,1,congruent,64,648,2
13,1,1,congruent,76,619,2
13,1,2,incongruent,88,501,2
13,1,1,congruent,102,471,2
13,1,1,congruent,116,704,2
13,1,1,congruent,130,402,2
13,1,2,incongruent,140,479,2
13,1,1,congruent,150,570,2
13,1,2,incongruent,164,612,2
13,1,2,incongruent,174,649,2
13,1,2,incongruent,184,571,2
13,1,1,congruent,196,487,2
13,1,1,congruent,208,640,2
13,1,2,incongruent,220,636,2
13,1,1,congruent,232,454,2
13,1,2,incongruent,246,656,2
13,1,2,incongruent,260,595,2
13,1,1,congruent,274,445,2
14,1,1,congruent,0,1398,1
14,1,1,congruent,10,770,1
14,1,2,incongruent,20,1526,1
14,1,1,congruent,30,635,1
14,1,2,incongruent,42,1236,1
14,1,1,congruent,52,696,1
14,1,2,incongruent,64,1258,1
14,1,2,incongruent,76,1037,1
14,1,2,incongruent,88,894,1
14,1,1,congruent,102,747,1
14,1,1,congruent,116,651,1
14,1,2,incongruent,130,1094,1
14,1,1,congruent,144,728,1
14,1,2,incongruent,154,1116,1
14,1,1,congruent,164,927,1
14,1,2,incongruent,174,891,1
14,1,1,congruent,184,774,1
14,1,1,congruent,196,896,1
14,1,2,incongruent,208,900,1
14,1,1,congruent,220,935,1
14,1,1,congruent,234,769,1
14,1,2,incongruent,248,914,1
14,1,2,incongruent,260,933,1
14,1,2,incongruent,274,727,1
14,1,1,congruent,0,1044,2
14,1,1,congruent,10,761,2
14,1,2,incongruent,20,668,2
14,1,1,congruent,30,695,2
14,1,2,incongruent,40,254,2
14,1,1,congruent,52,806,2
14,1,2,incongruent,64,1169,2
14,1,2,incongruent,76,1963,2
14,1,2,incongruent,88,582,2
14,1,1,congruent,102,648,2
14,1,1,congruent,116,706,2
14,1,2,incongruent,126,1030,2
14,1,1,congruent,140,952,2
14,1,2,incongruent,154,938,2
14,1,1,congruent,164,758,2
14,1,2,incongruent,174,816,2
14,1,1,congruent,184,581,2
14,1,1,congruent,196,1383,2
14,1,2,incongruent,208,921,2
14,1,1,congruent,220,669,2
14,1,1,congruent,232,496,2
14,1,2,incongruent,246,1042,2
14,1,2,incongruent,260,1187,2
14,1,2,incongruent,274,779,2
15,1,1,congruent,0,675,1
15,1,2,incongruent,10,679,1
15,1,2,incongruent,20,667,1
15,1,2,incongruent,30,703,1
15,1,1,congruent,42,641,1
15,1,1,congruent,52,518,1
15,1,1,congruent,64,575,1
15,1,2,incongruent,76,721,1
15,1,2,incongruent,88,573,1
15,1,1,congruent,102,552,1
15,1,2,incongruent,116,810,1
15,1,1,congruent,130,570,1
15,1,2,incongruent,144,652,1
15,1,1,congruent,154,520,1
15,1,2,incongruent,164,660,1
15,1,1,congruent,174,536,1
15,1,2,incongruent,184,643,1
15,1,2,incongruent,196,805,1
15,1,1,congruent,208,609,1
15,1,1,congruent,220,531,1
15,1,2,incongruent,232,653,1
15,1,1,congruent,246,513,1
15,1,2,incongruent,260,707,1
15,1,1,congruent,274,508,1
15,1,1,congruent,0,728,2
15,1,2,incongruent,10,683,2
15,1,2,incongruent,20,535,2
15,1,2,incongruent,30,506,2
15,1,1,congruent,40,631,2
15,1,1,congruent,52,562,2
15,1,1,congruent,64,540,2
15,1,2,incongruent,76,488,2
15,1,2,incongruent,88,459,2
15,1,1,congruent,102,460,2
15,1,2,incongruent,116,510,2
15,1,1,congruent,126,553,2
15,1,2,incongruent,136,749,2
15,1,1,congruent,150,679,2
15,1,2,incongruent,164,584,2
15,1,1,congruent,174,637,2
15,1,2,incongruent,184,579,2
15,1,2,incongruent,196,516,2
15,1,1,congruent,208,607,2
15,1,1,congruent,220,440,2
15,1,2,incongruent,232,499,2
15,1,1,congruent,246,429,2
15,1,2,incongruent,260,681,2
15,1,1,congruent,274,593,2
16,1,1,congruent,0,960,1
16,1,1,congruent,10,700,1
16,1,1,congruent,20,615,1
16,1,2,incongruent,32,858,1
16,1,2,incongruent,42,773,1
16,1,2,incongruent,52,802,1
16,1,2,incongruent,64,748,1
16,1,1,congruent,76,551,1
16,1,1,congruent,88,485,1
16,1,2,incongruent,102,644,1
16,1,1,congruent,116,614,1
16,1,1,congruent,130,584,1
16,1,2,incongruent,140,834,1
16,1,1,congruent,154,510,1
16,1,2,incongruent,164,721,1
16,1,2,incongruent,174,812,1
16,1,1,congruent,184,616,1
16,1,2,incongruent,196,659,1
16,1,1,congruent,208,582,1
16,1,1,congruent,220,569,1
16,1,2,incongruent,234,714,1
16,1,1,congruent,246,581,1
16,1,2,incongruent,260,743,1
16,1,2,incongruent,274,722,1
16,1,1,congruent,0,702,2
16,1,1,congruent,10,563,2
16,1,1,congruent,20,703,2
16,1,2,incongruent,30,546,2
16,1,2,incongruent,40,615,2
16,1,2,incongruent,52,545,2
16,1,2,incongruent,64,699,2
16,1,1,congruent,76,479,2
16,1,1,congruent,88,665,2
16,1,2,incongruent,102,547,2
16,1,1,congruent,116,444,2
16,1,1,congruent,130,712,2
16,1,2,incongruent,144,624,2
16,1,1,congruent,154,613,2
16,1,2,incongruent,164,528,2
16,1,2,incongruent,174,684,2
16,1,1,congruent,184,647,2
16,1,2,incongruent,196,595,2
16,1,1,congruent,208,469,2
16,1,1,congruent,220,559,2
16,0,2,incongruent,234,738,2
16,1,1,congruent,246,780,2
16,1,2,incongruent,260,551,2
16,1,2,incongruent,274,632,2
17,1,2,incongruent,0,794,1
17,1,1,congruent,10,684,1
17,1,1,congruent,20,633,1
17,1,1,congruent,30,661,1
17,1,2,incongruent,42,1271,1
17,1,1,congruent,52,699,1
17,1,2,incongruent,64,1029,1
17,1,2,incongruent,76,1072,1
17,1,1,congruent,88,930,1
17,1,1,congruent,102,686,1
17,1,2,incongruent,116,1055,1
17,1,1,congruent,130,592,1
17,1,2,incongruent,140,1035,1
17,1,2,incongruent,154,831,1
17,1,1,congruent,164,657,1
17,1,2,incongruent,174,733,1
17,1,2,incongruent,184,665,1
17,1,2,incongruent,196,804,1
17,1,2,incongruent,208,655,1
17,1,1,congruent,222,608,1
17,1,1,congruent,234,515,1
17,1,1,congruent,246,567,1
17,1,1,congruent,260,576,1
17,1,2,incongruent,274,803,1
17,1,2,incongruent,0,1067,2
17,1,1,congruent,10,591,2
17,1,1,congruent,20,594,2
17,1,1,congruent,30,781,2
17,1,2,incongruent,40,586,2
17,1,1,congruent,52,483,2
17,1,2,incongruent,64,814,2
17,1,2,incongruent,76,760,2
17,1,1,congruent,88,654,2
17,1,1,congruent,102,575,2
17,1,2,incongruent,116,512,2
17,1,1,congruent,130,794,2
17,1,2,incongruent,144,732,2
17,1,2,incongruent,154,664,2
17,1,1,congruent,164,523,2
17,1,2,incongruent,174,735,2
17,1,2,incongruent,184,682,2
17,1,2,incongruent,196,748,2
17,1,2,incongruent,208,712,2
17,1,1,congruent,220,562,2
17,1,1,congruent,232,686,2
17,1,1,congruent,246,671,2
17,1,1,congruent,260,513,2
17,1,2,incongruent,274,795,2
18,1,2,incongruent,0,687,1
18,1,1,congruent,10,611,1
18,1,1,congruent,20,502,1
18,1,1,congruent,30,435,1
18,1,2,incongruent,42,564,1
18,1,1,congruent,52,416,1
18,1,2,incongruent,64,491,1
18,1,2,incongruent,76,502,1
18,1,1,congruent,88,448,1
18,1,2,incongruent,102,394,1
18,1,1,congruent,116,397,1
18,1,2,incongruent,130,503,1
18,1,2,incongruent,144,448,1
18,1,2,incongruent,154,444,1
18,1,1,congruent,164,432,1
18,1,1,congruent,174,386,1
18,1,2,incongruent,184,492,1
18,1,1,congruent,196,378,1
18,1,2,incongruent,208,484,1
18,1,1,congruent,220,375,1
18,1,1,congruent,232,402,1
18,1,2,incongruent,246,500,1
18,1,1,congruent,260,430,1
18,1,2,incongruent,274,479,1
18,1,2,incongruent,0,497,2
18,1,1,congruent,10,339,2
18,1,1,congruent,20,377,2
18,1,1,congruent,30,492,2
18,1,2,incongruent,40,399,2
18,1,1,congruent,52,475,2
18,1,2,incongruent,64,420,2
18,1,2,incongruent,76,337,2
18,1,1,congruent,88,370,2
18,1,2,incongruent,102,453,2
18,1,1,congruent,116,455,2
18,1,2,incongruent,130,464,2
18,1,2,incongruent,140,388,2
18,1,2,incongruent,150,360,2
18,1,1,congruent,164,353,2
18,1,1,congruent,174,332,2
18,1,2,incongruent,184,513,2
18,1,1,congruent,196,379,2
18,1,2,incongruent,208,414,2
18,1,1,congruent,220,473,2
18,1,1,congruent,232,420,2
18,1,2,incongruent,246,382,2
18,0,1,congruent,260,335,2
18,1,2,incongruent,274,419,2
19,1,1,congruent,0,791,1
19,1,2,incongruent,10,1185,1
19,1,1,congruent,20,814,1
19,1,2,incongruent,30,731,1
19,1,1,congruent,40,614,1
19,1,1,congruent,52,648,1
19,1,2,incongruent,64,866,1
19,1,2,incongruent,76,703,1
19,1,2,incongruent,88,760,1
19,1,1,congruent,102,595,1
19,1,2,incongruent,116,757,1
19,1,1,congruent,130,647,1
19,1,1,congruent,144,897,1
19,1,2,incongruent,154,787,1
19,1,1,congruent,164,543,1
19,1,2,incongruent,164,635,1
19,1,2,incongruent,184,1022,1
19,1,2,incongruent,196,649,1
19,1,1,congruent,208,564,1
19,1,1,congruent,220,607,1
19,1,2,incongruent,232,794,1
19,1,2,incongruent,246,548,1
19,1,1,congruent,260,453,1
19,1,1,congruent,274,567,1
19,1,1,congruent,0,772,2
19,1,2,incongruent,10,950,2
19,1,1,congruent,20,618,2
19,1,2,incongruent,30,655,2
19,1,1,congruent,42,537,2
19,1,1,congruent,52,524,2
19,1,2,incongruent,64,624,2
19,1,2,incongruent,76,578,2
19,1,2,incongruent,88,636,2
19,1,1,congruent,102,584,2
19,1,2,incongruent,116,624,2
19,1,1,congruent,126,685,2
19,1,1,congruent,136,1129,2
19,1,2,incongruent,150,595,2
19,1,1,congruent,164,845,2
19,1,2,incongruent,174,704,2
19,1,2,incongruent,184,868,2
19,1,2,incongruent,196,510,2
19,1,1,congruent,208,568,2
19,1,1,congruent,220,755,2
19,1,2,incongruent,234,622,2
19,1,2,incongruent,246,801,2
19,1,1,congruent,260,571,2
19,1,1,congruent,274,885,2
20,1,2,incongruent,0,1106,1
20,1,1,congruent,10,869,1
20,1,2,incongruent,20,1081,1
20,1,1,congruent,30,813,1
20,1,2,incongruent,40,977,1
20,1,1,congruent,52,797,1
20,1,2,incongruent,64,869,1
20,1,1,congruent,76,706,1
20,1,2,incongruent,88,805,1
20,1,2,incongruent,102,669,1
20,1,1,congruent,116,656,1
20,1,1,congruent,130,834,1
20,1,1,congruent,144,676,1
20,1,1,congruent,154,655,1
20,1,2,incongruent,164,938,1
20,1,2,incongruent,174,823,1
20,1,2,incongruent,184,763,1
20,1,2,incongruent,196,837,1
20,1,1,congruent,208,919,1
20,1,1,congruent,220,867,1
20,1,2,incongruent,232,1661,1
20,1,1,congruent,246,792,1
20,1,2,incongruent,260,761,1
20,1,1,congruent,274,819,1
20,1,2,incongruent,0,767,2
20,1,1,congruent,10,580,2
20,1,2,incongruent,20,695,2
20,1,1,congruent,30,785,2
20,1,2,incongruent,42,797,2
20,1,1,congruent,52,615,2
20,1,2,incongruent,64,947,2
20,1,1,congruent,76,654,2
20,1,2,incongruent,88,746,2
20,1,2,incongruent,102,883,2
20,1,1,congruent,116,558,2
20,1,1,congruent,130,687,2
20,1,1,congruent,144,792,2
20,1,1,congruent,154,821,2
20,1,2,incongruent,164,768,2
20,1,2,incongruent,174,732,2
20,1,2,incongruent,184,648,2
20,1,2,incongruent,196,707,2
20,1,1,congruent,208,677,2
20,1,1,congruent,220,1343,2
20,1,2,incongruent,234,578,2
20,1,1,congruent,246,550,2
20,1,2,incongruent,260,903,2
20,1,1,congruent,274,537,2
21,1,1,congruent,0,1752,1
21,1,1,congruent,10,677,1
21,0,2,incongruent,20,1217,1
21,1,1,congruent,30,771,1
21,1,2,incongruent,42,2294,1
21,1,2,incongruent,52,1425,1
21,0,2,incongruent,64,1204,1
21,1,1,congruent,76,815,1
21,1,2,incongruent,88,1282,1
21,1,2,incongruent,102,1348,1
21,1,1,congruent,116,901,1
21,1,1,congruent,130,608,1
21,1,2,incongruent,144,1241,1
21,1,1,congruent,154,654,1
21,1,1,congruent,164,778,1
21,1,2,incongruent,174,1125,1
21,1,1,congruent,184,735,1
21,1,2,incongruent,196,963,1
21,1,2,incongruent,208,1534,1
21,1,2,incongruent,220,920,1
21,1,2,incongruent,234,931,1
21,1,1,congruent,248,660,1
21,1,1,congruent,260,574,1
21,1,1,congruent,274,545,1
21,1,1,congruent,0,609,2
21,1,1,congruent,10,565,2
21,1,2,incongruent,20,1090,2
21,1,1,congruent,30,1244,2
21,1,2,incongruent,40,968,2
21,1,2,incongruent,52,875,2
21,1,2,incongruent,64,669,2
21,1,1,congruent,76,432,2
21,1,2,incongruent,88,539,2
21,1,2,incongruent,102,596,2
21,1,1,congruent,116,590,2
21,1,1,congruent,126,890,2
21,1,2,incongruent,140,2068,2
21,1,1,congruent,154,973,2
21,1,1,congruent,164,667,2
21,1,2,incongruent,174,822,2
21,1,1,congruent,184,1064,2
21,1,2,incongruent,196,564,2
21,1,2,incongruent,208,567,2
21,1,2,incongruent,220,577,2
21,1,2,incongruent,234,1339,2
21,1,1,congruent,246,1158,2
21,1,1,congruent,260,864,2
21,1,1,congruent,274,554,2
22,1,1,congruent,0,964,1
22,1,1,congruent,10,774,1
22,1,1,congruent,20,634,1
22,1,2,incongruent,32,951,1
22,1,2,incongruent,42,769,1
22,1,1,congruent,52,540,1
22,1,2,incongruent,64,711,1
22,1,2,incongruent,76,674,1
22,1,2,incongruent,88,606,1
22,1,1,congruent,102,534,1
22,1,2,incongruent,116,681,1
22,1,1,congruent,130,570,1
22,1,1,congruent,144,637,1
22,1,2,incongruent,154,793,1
22,1,2,incongruent,164,851,1
22,1,1,congruent,174,776,1
22,1,2,incongruent,184,748,1
22,1,2,incongruent,196,886,1
22,1,1,congruent,208,593,1
22,1,2,incongruent,220,732,1
22,1,1,congruent,234,629,1
22,1,1,congruent,246,768,1
22,1,2,incongruent,260,825,1
22,1,1,congruent,274,908,1
22,1,1,congruent,0,551,2
22,1,1,congruent,10,698,2
22,1,1,congruent,20,576,2
22,1,2,incongruent,30,506,2
22,1,2,incongruent,42,829,2
22,1,1,congruent,52,569,2
22,1,2,incongruent,64,644,2
22,1,2,incongruent,76,846,2
22,1,2,incongruent,88,592,2
22,1,1,congruent,102,667,2
22,1,2,incongruent,116,621,2
22,1,1,congruent,130,814,2
22,1,1,congruent,140,537,2
22,1,2,incongruent,150,735,2
22,1,2,incongruent,164,625,2
22,1,1,congruent,174,769,2
22,1,2,incongruent,184,608,2
22,1,2,incongruent,196,546,2
22,1,1,congruent,208,565,2
22,1,2,incongruent,220,688,2
22,1,1,congruent,232,595,2
22,1,1,congruent,246,596,2
22,1,2,incongruent,260,558,2
22,1,1,congruent,274,704,2
23,1,2,incongruent,0,821,1
23,1,1,congruent,10,657,1
23,1,1,congruent,20,494,1
23,0,2,incongruent,30,544,1
23,1,1,congruent,40,605,1
23,1,2,incongruent,52,654,1
23,1,1,congruent,64,490,1
23,1,2,incongruent,76,484,1
23,1,2,incongruent,88,544,1
23,1,1,congruent,102,473,1
23,1,2,incongruent,116,523,1
23,1,1,congruent,130,430,1
23,0,2,incongruent,144,390,1
23,1,2,incongruent,154,603,1
23,1,1,congruent,164,486,1
23,1,1,congruent,174,466,1
23,1,1,congruent,184,429,1
23,1,1,congruent,196,456,1
23,1,1,congruent,208,412,1
23,1,2,incongruent,222,758,1
23,1,2,incongruent,234,528,1
23,1,2,incongruent,246,539,1
23,1,2,incongruent,260,548,1
23,1,1,congruent,274,470,1
23,1,2,incongruent,0,699,2
23,1,1,congruent,10,423,2
23,0,1,congruent,20,427,2
23,1,2,incongruent,30,279,2
23,1,1,congruent,40,609,2
23,1,2,incongruent,52,525,2
23,1,1,congruent,64,423,2
23,1,2,incongruent,76,490,2
23,0,2,incongruent,88,924,2
23,1,1,congruent,102,479,2
23,1,2,incongruent,116,720,2
23,1,1,congruent,130,538,2
23,1,2,incongruent,144,668,2
23,1,2,incongruent,154,623,2
23,1,1,congruent,164,475,2
23,1,1,congruent,174,462,2
23,1,1,congruent,184,379,2
23,1,1,congruent,196,541,2
23,1,1,congruent,208,600,2
23,1,2,incongruent,220,411,2
23,1,2,incongruent,234,436,2
23,1,2,incongruent,248,543,2
23,0,2,incongruent,260,418,2
23,1,1,congruent,274,524,2
24,1,1,congruent,0,496,1
24,1,1,congruent,10,523,1
24,1,1,congruent,20,423,1
24,1,1,congruent,32,482,1
24,1,2,incongruent,44,589,1
24,1,2,incongruent,54,528,1
24,1,2,incongruent,64,572,1
24,1,2,incongruent,76,518,1
24,1,2,incongruent,88,577,1
24,1,1,congruent,102,379,1
24,1,2,incongruent,116,693,1
24,1,2,incongruent,130,583,1
24,1,1,congruent,140,532,1
24,1,1,congruent,154,437,1
24,1,2,incongruent,164,658,1
24,1,1,congruent,174,490,1
24,1,1,congruent,184,440,1
24,1,1,congruent,196,427,1
24,1,2,incongruent,208,574,1
24,1,2,incongruent,220,512,1
24,1,2,incongruent,232,563,1
24,1,1,congruent,246,509,1
24,1,1,congruent,260,391,1
24,1,2,incongruent,274,529,1
24,1,1,congruent,0,443,2
24,1,1,congruent,10,623,2
24,1,1,congruent,20,475,2
24,1,1,congruent,30,607,2
24,1,2,incongruent,40,561,2
24,1,2,incongruent,52,500,2
24,1,2,incongruent,64,494,2
24,1,2,incongruent,76,577,2
24,1,2,incongruent,88,413,2
24,1,1,congruent,102,575,2
24,1,2,incongruent,116,546,2
24,1,2,incongruent,130,401,2
24,1,1,congruent,140,519,2
24,1,1,congruent,154,480,2
24,1,2,incongruent,164,571,2
24,1,1,congruent,174,519,2
24,1,1,congruent,184,538,2
24,1,1,congruent,196,526,2
24,1,2,incongruent,208,527,2
24,1,2,incongruent,220,447,2
24,1,2,incongruent,232,406,2
24,1,1,congruent,246,431,2
24,1,1,congruent,260,570,2
24,1,2,incongruent,274,532,2
25,1,1,congruent,0,1074,1
25,1,2,incongruent,10,1039,1
25,1,2,incongruent,20,954,1
25,1,2,incongruent,30,965,1
25,1,1,congruent,42,864,1
25,1,1,congruent,52,925,1
25,1,1,congruent,64,1158,1
25,1,2,incongruent,76,1097,1
25,1,2,incongruent,88,940,1
25,1,1,congruent,102,895,1
25,1,2,incongruent,116,888,1
25,1,2,incongruent,130,1217,1
25,1,2,incongruent,140,1094,1
25,1,1,congruent,150,1233,1
25,1,1,congruent,164,1139,1
25,1,1,congruent,174,936,1
25,1,1,congruent,184,930,1
25,1,2,incongruent,196,1365,1
25,1,2,incongruent,208,1089,1
25,1,1,congruent,220,986,1
25,1,2,incongruent,232,1069,1
25,1,1,congruent,246,688,1
25,1,2,incongruent,260,930,1
25,1,1,congruent,274,1260,1
25,1,1,congruent,0,1137,2
25,1,2,incongruent,10,747,2
25,1,2,incongruent,20,1344,2
25,1,2,incongruent,30,187,2
25,1,1,congruent,40,904,2
25,1,1,congruent,52,707,2
25,1,1,congruent,64,798,2
25,1,2,incongruent,76,1209,2
25,1,2,incongruent,88,1018,2
25,1,1,congruent,102,742,2
25,1,2,incongruent,116,918,2
25,1,2,incongruent,130,664,2
25,1,2,incongruent,144,1211,2
25,1,1,congruent,154,701,2
25,1,1,congruent,164,858,2
25,1,1,congruent,174,702,2
25,1,1,congruent,184,705,2
25,1,2,incongruent,196,701,2
25,1,2,incongruent,208,903,2
25,1,1,congruent,220,912,2
25,1,2,incongruent,234,851,2
25,1,1,congruent,246,869,2
25,1,2,incongruent,260,671,2
25,1,1,congruent,274,1330,2
26,1,1,congruent,0,966,1
26,1,2,incongruent,10,914,1
26,1,1,congruent,20,797,1
26,1,2,incongruent,30,873,1
26,1,1,congruent,40,636,1
26,1,2,incongruent,52,552,1
26,1,2,incongruent,64,690,1
26,1,1,congruent,76,542,1
26,1,1,congruent,88,520,1
26,1,1,congruent,102,410,1
26,1,2,incongruent,116,562,1
26,1,2,incongruent,130,605,1
26,1,2,incongruent,144,592,1
26,1,1,congruent,154,578,1
26,1,1,congruent,164,550,1
26,1,2,incongruent,174,546,1
26,1,2,incongruent,184,542,1
26,0,2,incongruent,196,424,1
26,1,1,congruent,209,499,1
26,1,1,congruent,220,631,1
26,1,1,congruent,232,473,1
26,1,2,incongruent,246,571,1
26,1,2,incongruent,260,581,1
26,1,1,congruent,274,407,1
26,1,1,congruent,0,703,2
26,1,2,incongruent,10,554,2
26,1,1,congruent,20,655,2
26,1,2,incongruent,30,546,2
26,1,1,congruent,40,661,2
26,1,2,incongruent,52,497,2
26,1,2,incongruent,64,475,2
26,1,1,congruent,76,542,2
26,1,1,congruent,88,583,2
26,1,1,congruent,102,650,2
26,1,2,incongruent,116,420,2
26,1,2,incongruent,130,599,2
26,1,2,incongruent,140,498,2
26,1,1,congruent,154,396,2
26,1,1,congruent,164,560,2
26,1,2,incongruent,174,475,2
26,1,2,incongruent,184,638,2
26,1,2,incongruent,196,457,2
26,1,1,congruent,208,556,2
26,1,1,congruent,220,575,2
26,1,1,congruent,234,544,2
26,1,2,incongruent,248,476,2
26,1,2,incongruent,260,534,2
26,1,1,congruent,274,448,2
